policy_id,title,sector,region,year,impact_score,goals
P1001,District Primary Education Reform 4,Higher Education,Uttar Pradesh,2018,0.127,"Introduce technology-enabled platforms for learning continuity, improve assessment methods, and strengthen governance."
P1002,National Vocational Education Reform 44,Higher Education,Tamil Nadu,2018,0.419,"Introduce technology-enabled platforms for learning continuity, improve assessment methods, and strengthen governance."
P1003,National Primary Education Reform 6,Secondary,Delhi,2016,0.666,"Introduce technology-enabled platforms for learning continuity, improve assessment methods, and strengthen governance."
P1004,State Vocational Education Reform 35,Early Childhood,Uttar Pradesh,2025,0.457,Increase learning outcomes score by 30% within 4 years and reduce disparities between rural and urban areas.
P1005,District Higher Education Education Reform 96,Early Childhood,West Bengal,2024,0.553,"Train 1360 teachers, deploy online modules to schools, and set up monitoring systems to measure outcomes."
P1006,District Primary Education Reform 88,Primary,Rajasthan,2019,0.504,"Train 4208 teachers, deploy tablets to schools, and set up monitoring systems to measure outcomes."
P1007,District Primary Education Reform 77,Higher Education,Gujarat,2015,0.881,"Introduce technology-enabled platforms for learning continuity, improve assessment methods, and strengthen governance."
P1008,National Early Childhood Education Reform 97,Secondary,Delhi,2021,0.208,"Introduce technology-enabled platforms for learning continuity, improve assessment methods, and strengthen governance."
P1009,National Primary Education Reform 43,Primary,Rajasthan,2018,0.613,"Train 822 teachers, deploy tablets to schools, and set up monitoring systems to measure outcomes."
P1010,National Vocational Education Reform 94,Higher Education,Maharashtra,2018,0.348,"Train 464 teachers, deploy tablets to schools, and set up monitoring systems to measure outcomes."
P1011,State Primary Education Reform 22,Vocational,Karnataka,2021,0.689,Increase digital access score by 39% within 1 years and reduce disparities between rural and urban areas.
P1012,District Early Childhood Education Reform 21,Primary,Rajasthan,2016,0.459,"Introduce technology-enabled platforms for learning continuity, improve assessment methods, and strengthen governance."
P1013,State Vocational Education Reform 17,Higher Education,Gujarat,2020,0.987,Increase learning outcomes score by 9% within 2 years and reduce disparities between rural and urban areas.
P1014,District Higher Education Education Reform 79,Early Childhood,Karnataka,2025,0.335,"Introduce technology-enabled platforms for learning continuity, improve assessment methods, and strengthen governance."
P1015,State Higher Education Education Reform 7,Primary,West Bengal,2019,0.244,Increase digital access score by 12% within 1 years and reduce disparities between rural and urban areas.
P1016,District Secondary Education Reform 56,Secondary,Karnataka,2019,0.694,"Introduce technology-enabled platforms for learning continuity, improve assessment methods, and strengthen governance."
P1017,District Secondary Education Reform 35,Secondary,Maharashtra,2021,0.411,"Introduce technology-enabled platforms for learning continuity, improve assessment methods, and strengthen governance."
P1018,District Early Childhood Education Reform 43,Primary,Maharashtra,2019,0.408,"Introduce technology-enabled platforms for learning continuity, improve assessment methods, and strengthen governance."
P1019,State Vocational Education Reform 9,Higher Education,Punjab,2020,0.39,"Introduce technology-enabled platforms for learning continuity, improve assessment methods, and strengthen governance."
P1020,State Secondary Education Reform 56,Early Childhood,Punjab,2025,0.555,Increase vocational skills score by 10% within 2 years and reduce disparities between rural and urban areas.
P1021,National Secondary Education Reform 61,Early Childhood,Maharashtra,2022,0.231,Increase vocational skills score by 38% within 4 years and reduce disparities between rural and urban areas.
P1022,National Vocational Education Reform 86,Early Childhood,Rajasthan,2024,0.497,Increase infrastructure score by 22% within 5 years and reduce disparities between rural and urban areas.
P1023,National Higher Education Education Reform 31,Higher Education,Kerala,2020,0.718,Increase vocational skills score by 39% within 4 years and reduce disparities between rural and urban areas.
P1024,District Primary Education Reform 98,Early Childhood,West Bengal,2022,0.579,"Train 4049 teachers, deploy learning kits to schools, and set up monitoring systems to measure outcomes."
P1025,District Secondary Education Reform 60,Secondary,Punjab,2023,0.221,"Train 3155 teachers, deploy mobile labs to schools, and set up monitoring systems to measure outcomes."
P1026,State Primary Education Reform 61,Primary,Rajasthan,2015,0.771,"Introduce technology-enabled platforms for learning continuity, improve assessment methods, and strengthen governance."
P1027,National Early Childhood Education Reform 78,Primary,Tamil Nadu,2019,0.453,"Introduce technology-enabled platforms for learning continuity, improve assessment methods, and strengthen governance."
P1028,National Early Childhood Education Reform 83,Higher Education,Karnataka,2021,0.666,"Introduce technology-enabled platforms for learning continuity, improve assessment methods, and strengthen governance."
P1029,State Secondary Education Reform 12,Higher Education,Gujarat,2018,0.857,Increase infrastructure score by 22% within 5 years and reduce disparities between rural and urban areas.
P1030,National Secondary Education Reform 93,Vocational,Gujarat,2023,0.499,"Introduce technology-enabled platforms for learning continuity, improve assessment methods, and strengthen governance."
P1031,State Early Childhood Education Reform 43,Higher Education,Gujarat,2019,0.381,Increase vocational skills score by 35% within 3 years and reduce disparities between rural and urban areas.
P1032,State Secondary Education Reform 39,Primary,Rajasthan,2017,0.668,"Train 3895 teachers, deploy online modules to schools, and set up monitoring systems to measure outcomes."
P1033,National Vocational Education Reform 63,Primary,Punjab,2025,0.945,"Train 4933 teachers, deploy learning kits to schools, and set up monitoring systems to measure outcomes."
P1034,State Early Childhood Education Reform 80,Primary,Punjab,2016,0.24,Increase infrastructure score by 33% within 5 years and reduce disparities between rural and urban areas.
P1035,District Higher Education Education Reform 90,Vocational,Maharashtra,2025,0.3,Increase infrastructure score by 24% within 5 years and reduce disparities between rural and urban areas.
P1036,District Vocational Education Reform 35,Early Childhood,Rajasthan,2022,0.637,Increase learning outcomes score by 16% within 4 years and reduce disparities between rural and urban areas.
P1037,District Vocational Education Reform 12,Vocational,Kerala,2021,0.466,"Train 4556 teachers, deploy tablets to schools, and set up monitoring systems to measure outcomes."
P1038,District Primary Education Reform 85,Early Childhood,Gujarat,2021,0.657,"Introduce technology-enabled platforms for learning continuity, improve assessment methods, and strengthen governance."
P1039,State Early Childhood Education Reform 2,Early Childhood,West Bengal,2016,0.544,Increase vocational skills score by 35% within 2 years and reduce disparities between rural and urban areas.
P1040,District Early Childhood Education Reform 96,Secondary,Maharashtra,2019,0.338,"Train 4858 teachers, deploy online modules to schools, and set up monitoring systems to measure outcomes."
P1041,State Vocational Education Reform 42,Secondary,Uttar Pradesh,2024,0.728,"Train 4107 teachers, deploy tablets to schools, and set up monitoring systems to measure outcomes."
P1042,State Primary Education Reform 93,Secondary,West Bengal,2025,0.401,Increase vocational skills score by 25% within 4 years and reduce disparities between rural and urban areas.
P1043,National Primary Education Reform 56,Primary,Maharashtra,2022,0.361,"Introduce technology-enabled platforms for learning continuity, improve assessment methods, and strengthen governance."
P1044,District Secondary Education Reform 64,Early Childhood,Tamil Nadu,2018,0.9,"Train 655 teachers, deploy online modules to schools, and set up monitoring systems to measure outcomes."
P1045,State Secondary Education Reform 50,Vocational,Maharashtra,2018,0.12,"Train 4686 teachers, deploy tablets to schools, and set up monitoring systems to measure outcomes."
P1046,District Higher Education Education Reform 87,Secondary,Maharashtra,2025,0.616,"Train 2726 teachers, deploy online modules to schools, and set up monitoring systems to measure outcomes."
P1047,State Secondary Education Reform 33,Vocational,Delhi,2020,0.771,"Introduce technology-enabled platforms for learning continuity, improve assessment methods, and strengthen governance."
P1048,State Higher Education Education Reform 75,Vocational,Kerala,2016,0.392,Increase early childhood development score by 31% within 1 years and reduce disparities between rural and urban areas.
P1049,National Primary Education Reform 31,Early Childhood,Tamil Nadu,2021,0.888,Increase vocational skills score by 28% within 2 years and reduce disparities between rural and urban areas.
P1050,District Higher Education Education Reform 70,Higher Education,Karnataka,2021,0.182,"Introduce technology-enabled platforms for learning continuity, improve assessment methods, and strengthen governance."
P1051,National Secondary Education Reform 43,Secondary,Punjab,2015,0.198,Increase learning outcomes score by 6% within 2 years and reduce disparities between rural and urban areas.
P1052,National Primary Education Reform 61,Vocational,Kerala,2023,0.139,Increase vocational skills score by 35% within 4 years and reduce disparities between rural and urban areas.
P1053,National Primary Education Reform 42,Early Childhood,Tamil Nadu,2016,0.572,Increase digital access score by 40% within 2 years and reduce disparities between rural and urban areas.
P1054,State Vocational Education Reform 54,Primary,Kerala,2021,0.16,Increase learning outcomes score by 40% within 1 years and reduce disparities between rural and urban areas.
P1055,District Vocational Education Reform 93,Primary,Delhi,2024,0.238,"Introduce technology-enabled platforms for learning continuity, improve assessment methods, and strengthen governance."
P1056,District Early Childhood Education Reform 4,Early Childhood,Delhi,2015,0.105,"Train 620 teachers, deploy learning kits to schools, and set up monitoring systems to measure outcomes."
P1057,National Higher Education Education Reform 40,Higher Education,Punjab,2024,0.144,Increase learning outcomes score by 31% within 3 years and reduce disparities between rural and urban areas.
P1058,National Higher Education Education Reform 87,Early Childhood,Gujarat,2023,0.149,"Introduce technology-enabled platforms for learning continuity, improve assessment methods, and strengthen governance."
P1059,National Vocational Education Reform 69,Secondary,Rajasthan,2023,0.488,Increase digital access score by 31% within 3 years and reduce disparities between rural and urban areas.
P1060,District Vocational Education Reform 89,Higher Education,Maharashtra,2021,0.566,"Introduce technology-enabled platforms for learning continuity, improve assessment methods, and strengthen governance."
P1061,State Secondary Education Reform 31,Primary,Tamil Nadu,2019,0.258,"Train 4674 teachers, deploy mobile labs to schools, and set up monitoring systems to measure outcomes."
P1062,State Early Childhood Education Reform 8,Higher Education,Rajasthan,2016,0.84,"Introduce technology-enabled platforms for learning continuity, improve assessment methods, and strengthen governance."
P1063,National Primary Education Reform 58,Primary,Kerala,2016,0.982,"Introduce technology-enabled platforms for learning continuity, improve assessment methods, and strengthen governance."
P1064,District Higher Education Education Reform 9,Higher Education,Maharashtra,2023,0.877,"Introduce technology-enabled platforms for learning continuity, improve assessment methods, and strengthen governance."
P1065,National Early Childhood Education Reform 12,Vocational,Rajasthan,2020,0.404,"Train 1319 teachers, deploy tablets to schools, and set up monitoring systems to measure outcomes."
P1066,District Vocational Education Reform 20,Secondary,Tamil Nadu,2024,0.702,Increase infrastructure score by 39% within 2 years and reduce disparities between rural and urban areas.
P1067,State Vocational Education Reform 99,Higher Education,West Bengal,2023,0.223,Increase teacher quality score by 38% within 1 years and reduce disparities between rural and urban areas.
P1068,District Secondary Education Reform 56,Primary,Uttar Pradesh,2022,0.433,Increase digital access score by 11% within 3 years and reduce disparities between rural and urban areas.
P1069,District Secondary Education Reform 98,Vocational,Gujarat,2024,0.588,Increase vocational skills score by 20% within 3 years and reduce disparities between rural and urban areas.
P1070,State Primary Education Reform 15,Vocational,Punjab,2023,0.647,"Train 751 teachers, deploy mobile labs to schools, and set up monitoring systems to measure outcomes."
P1071,State Higher Education Education Reform 96,Primary,Kerala,2016,0.219,"Train 3856 teachers, deploy online modules to schools, and set up monitoring systems to measure outcomes."
P1072,National Primary Education Reform 26,Primary,Kerala,2019,0.355,"Train 1069 teachers, deploy mobile labs to schools, and set up monitoring systems to measure outcomes."
P1073,District Vocational Education Reform 48,Early Childhood,Delhi,2016,0.585,"Introduce technology-enabled platforms for learning continuity, improve assessment methods, and strengthen governance."
P1074,State Primary Education Reform 94,Higher Education,Punjab,2021,0.423,"Introduce technology-enabled platforms for learning continuity, improve assessment methods, and strengthen governance."
P1075,State Early Childhood Education Reform 5,Early Childhood,Tamil Nadu,2025,0.611,"Introduce technology-enabled platforms for learning continuity, improve assessment methods, and strengthen governance."
P1076,National Higher Education Education Reform 34,Vocational,Uttar Pradesh,2024,0.502,Increase vocational skills score by 40% within 5 years and reduce disparities between rural and urban areas.
P1077,District Secondary Education Reform 16,Secondary,Tamil Nadu,2018,0.428,"Introduce technology-enabled platforms for learning continuity, improve assessment methods, and strengthen governance."
P1078,State Primary Education Reform 58,Vocational,Rajasthan,2020,0.84,"Train 1376 teachers, deploy mobile labs to schools, and set up monitoring systems to measure outcomes."
P1079,State Secondary Education Reform 81,Higher Education,Punjab,2023,0.741,Increase early childhood development score by 7% within 5 years and reduce disparities between rural and urban areas.
P1080,District Primary Education Reform 64,Early Childhood,Delhi,2025,0.365,"Introduce technology-enabled platforms for learning continuity, improve assessment methods, and strengthen governance."
P1081,District Higher Education Education Reform 94,Higher Education,West Bengal,2017,0.209,Increase digital access score by 29% within 5 years and reduce disparities between rural and urban areas.
P1082,District Higher Education Education Reform 25,Secondary,Gujarat,2023,0.941,"Introduce technology-enabled platforms for learning continuity, improve assessment methods, and strengthen governance."
P1083,District Primary Education Reform 14,Vocational,Tamil Nadu,2019,0.146,"Introduce technology-enabled platforms for learning continuity, improve assessment methods, and strengthen governance."
P1084,National Primary Education Reform 51,Higher Education,Kerala,2023,0.545,"Introduce technology-enabled platforms for learning continuity, improve assessment methods, and strengthen governance."
P1085,State Early Childhood Education Reform 95,Higher Education,Punjab,2020,0.428,Increase vocational skills score by 21% within 5 years and reduce disparities between rural and urban areas.
P1086,National Early Childhood Education Reform 81,Early Childhood,West Bengal,2017,0.27,"Introduce technology-enabled platforms for learning continuity, improve assessment methods, and strengthen governance."
P1087,District Secondary Education Reform 72,Higher Education,Gujarat,2023,0.405,"Train 4016 teachers, deploy learning kits to schools, and set up monitoring systems to measure outcomes."
P1088,District Vocational Education Reform 41,Vocational,Kerala,2023,0.438,"Train 394 teachers, deploy mobile labs to schools, and set up monitoring systems to measure outcomes."
P1089,National Early Childhood Education Reform 35,Early Childhood,Delhi,2017,0.301,Increase infrastructure score by 11% within 2 years and reduce disparities between rural and urban areas.
P1090,State Secondary Education Reform 97,Higher Education,Kerala,2019,0.576,"Train 1490 teachers, deploy tablets to schools, and set up monitoring systems to measure outcomes."
P1091,State Early Childhood Education Reform 78,Primary,Kerala,2019,0.343,"Introduce technology-enabled platforms for learning continuity, improve assessment methods, and strengthen governance."
P1092,District Vocational Education Reform 55,Early Childhood,Kerala,2016,0.388,"Introduce technology-enabled platforms for learning continuity, improve assessment methods, and strengthen governance."
P1093,State Higher Education Education Reform 89,Secondary,Karnataka,2025,0.922,Increase vocational skills score by 19% within 2 years and reduce disparities between rural and urban areas.
P1094,State Vocational Education Reform 90,Early Childhood,Gujarat,2023,0.877,"Introduce technology-enabled platforms for learning continuity, improve assessment methods, and strengthen governance."
P1095,State Early Childhood Education Reform 57,Primary,Uttar Pradesh,2024,0.217,Increase digital access score by 24% within 1 years and reduce disparities between rural and urban areas.
P1096,National Primary Education Reform 55,Higher Education,Maharashtra,2023,0.26,"Introduce technology-enabled platforms for learning continuity, improve assessment methods, and strengthen governance."
P1097,District Higher Education Education Reform 16,Secondary,Rajasthan,2021,0.971,Increase digital access score by 19% within 2 years and reduce disparities between rural and urban areas.
P1098,District Primary Education Reform 5,Vocational,Punjab,2015,0.497,Increase vocational skills score by 33% within 2 years and reduce disparities between rural and urban areas.
P1099,National Early Childhood Education Reform 41,Early Childhood,Punjab,2025,0.977,"Introduce technology-enabled platforms for learning continuity, improve assessment methods, and strengthen governance."
P1100,State Primary Education Reform 45,Vocational,Rajasthan,2020,0.264,"Introduce technology-enabled platforms for learning continuity, improve assessment methods, and strengthen governance."
P1101,State Secondary Education Reform 33,Secondary,Kerala,2025,0.146,"Train 646 teachers, deploy learning kits to schools, and set up monitoring systems to measure outcomes."
P1102,National Secondary Education Reform 95,Primary,Gujarat,2018,0.386,Increase teacher quality score by 28% within 5 years and reduce disparities between rural and urban areas.
P1103,National Higher Education Education Reform 41,Vocational,Karnataka,2024,0.932,Increase early childhood development score by 26% within 2 years and reduce disparities between rural and urban areas.
P1104,District Higher Education Education Reform 33,Vocational,Gujarat,2022,0.535,Increase early childhood development score by 5% within 4 years and reduce disparities between rural and urban areas.
P1105,National Secondary Education Reform 65,Vocational,Kerala,2015,0.591,Increase learning outcomes score by 6% within 5 years and reduce disparities between rural and urban areas.
P1106,National Secondary Education Reform 25,Early Childhood,Rajasthan,2019,0.432,"Train 1900 teachers, deploy mobile labs to schools, and set up monitoring systems to measure outcomes."
P1107,State Primary Education Reform 82,Primary,Tamil Nadu,2016,0.896,"Train 2270 teachers, deploy tablets to schools, and set up monitoring systems to measure outcomes."
P1108,District Secondary Education Reform 97,Vocational,Maharashtra,2019,0.395,Increase vocational skills score by 8% within 1 years and reduce disparities between rural and urban areas.
P1109,District Early Childhood Education Reform 51,Higher Education,Karnataka,2025,0.938,Increase digital access score by 20% within 1 years and reduce disparities between rural and urban areas.
P1110,District Vocational Education Reform 41,Higher Education,Maharashtra,2016,0.191,"Introduce technology-enabled platforms for learning continuity, improve assessment methods, and strengthen governance."
P1111,District Higher Education Education Reform 50,Primary,Delhi,2021,0.71,"Train 2248 teachers, deploy online modules to schools, and set up monitoring systems to measure outcomes."
P1112,State Primary Education Reform 47,Higher Education,Uttar Pradesh,2025,0.106,"Train 2749 teachers, deploy online modules to schools, and set up monitoring systems to measure outcomes."
P1113,State Higher Education Education Reform 23,Vocational,Kerala,2019,0.827,Increase digital access score by 40% within 1 years and reduce disparities between rural and urban areas.
P1114,District Primary Education Reform 53,Vocational,Tamil Nadu,2025,0.802,Increase learning outcomes score by 39% within 5 years and reduce disparities between rural and urban areas.
P1115,District Primary Education Reform 14,Secondary,Kerala,2017,0.959,"Train 2169 teachers, deploy learning kits to schools, and set up monitoring systems to measure outcomes."
P1116,District Early Childhood Education Reform 89,Early Childhood,Tamil Nadu,2020,0.203,"Train 2860 teachers, deploy online modules to schools, and set up monitoring systems to measure outcomes."
P1117,District Vocational Education Reform 41,Primary,Delhi,2015,0.703,Increase infrastructure score by 26% within 5 years and reduce disparities between rural and urban areas.
P1118,National Vocational Education Reform 51,Primary,Punjab,2018,0.283,Increase vocational skills score by 28% within 3 years and reduce disparities between rural and urban areas.
P1119,District Higher Education Education Reform 77,Vocational,Punjab,2021,0.649,Increase vocational skills score by 12% within 2 years and reduce disparities between rural and urban areas.
P1120,District Vocational Education Reform 54,Early Childhood,Tamil Nadu,2024,0.717,"Introduce technology-enabled platforms for learning continuity, improve assessment methods, and strengthen governance."
P1121,National Vocational Education Reform 18,Secondary,West Bengal,2023,0.732,Increase digital access score by 19% within 3 years and reduce disparities between rural and urban areas.
P1122,National Vocational Education Reform 73,Vocational,Rajasthan,2023,0.582,"Train 3532 teachers, deploy tablets to schools, and set up monitoring systems to measure outcomes."
P1123,State Primary Education Reform 31,Secondary,Punjab,2020,0.824,"Train 4939 teachers, deploy learning kits to schools, and set up monitoring systems to measure outcomes."
P1124,National Vocational Education Reform 8,Higher Education,Tamil Nadu,2017,0.536,"Introduce technology-enabled platforms for learning continuity, improve assessment methods, and strengthen governance."
P1125,State Vocational Education Reform 42,Early Childhood,Karnataka,2016,0.454,"Train 2694 teachers, deploy mobile labs to schools, and set up monitoring systems to measure outcomes."
P1126,National Primary Education Reform 81,Vocational,Karnataka,2016,0.28,"Train 1352 teachers, deploy mobile labs to schools, and set up monitoring systems to measure outcomes."
P1127,State Higher Education Education Reform 93,Secondary,West Bengal,2025,0.218,Increase infrastructure score by 26% within 1 years and reduce disparities between rural and urban areas.
P1128,National Vocational Education Reform 12,Primary,Maharashtra,2020,0.671,"Introduce technology-enabled platforms for learning continuity, improve assessment methods, and strengthen governance."
P1129,National Primary Education Reform 18,Primary,Punjab,2021,0.347,"Train 269 teachers, deploy mobile labs to schools, and set up monitoring systems to measure outcomes."
P1130,National Vocational Education Reform 50,Primary,Uttar Pradesh,2022,0.217,"Train 3908 teachers, deploy tablets to schools, and set up monitoring systems to measure outcomes."
P1131,National Vocational Education Reform 65,Higher Education,Rajasthan,2021,0.648,"Introduce technology-enabled platforms for learning continuity, improve assessment methods, and strengthen governance."
P1132,District Vocational Education Reform 94,Secondary,Karnataka,2018,0.149,"Train 1028 teachers, deploy tablets to schools, and set up monitoring systems to measure outcomes."
P1133,District Higher Education Education Reform 22,Higher Education,Tamil Nadu,2019,0.342,"Introduce technology-enabled platforms for learning continuity, improve assessment methods, and strengthen governance."
P1134,National Higher Education Education Reform 99,Primary,Punjab,2025,0.139,"Introduce technology-enabled platforms for learning continuity, improve assessment methods, and strengthen governance."
P1135,State Secondary Education Reform 54,Higher Education,Delhi,2016,0.26,"Train 3860 teachers, deploy mobile labs to schools, and set up monitoring systems to measure outcomes."
P1136,National Higher Education Education Reform 73,Higher Education,Punjab,2018,0.752,"Introduce technology-enabled platforms for learning continuity, improve assessment methods, and strengthen governance."
P1137,National Vocational Education Reform 95,Higher Education,Maharashtra,2018,0.966,"Introduce technology-enabled platforms for learning continuity, improve assessment methods, and strengthen governance."
P1138,National Early Childhood Education Reform 18,Vocational,Maharashtra,2024,0.311,Increase teacher quality score by 22% within 2 years and reduce disparities between rural and urban areas.
P1139,National Primary Education Reform 22,Vocational,Gujarat,2020,0.502,Increase digital access score by 7% within 2 years and reduce disparities between rural and urban areas.
P1140,State Early Childhood Education Reform 7,Higher Education,Delhi,2017,0.322,"Train 147 teachers, deploy tablets to schools, and set up monitoring systems to measure outcomes."
P1141,District Higher Education Education Reform 10,Primary,Maharashtra,2018,0.209,"Train 3285 teachers, deploy online modules to schools, and set up monitoring systems to measure outcomes."
P1142,State Higher Education Education Reform 58,Secondary,Karnataka,2024,0.526,"Introduce technology-enabled platforms for learning continuity, improve assessment methods, and strengthen governance."
P1143,District Vocational Education Reform 45,Early Childhood,Rajasthan,2020,0.295,Increase teacher quality score by 15% within 1 years and reduce disparities between rural and urban areas.
P1144,District Primary Education Reform 98,Secondary,Punjab,2021,0.818,"Train 2930 teachers, deploy learning kits to schools, and set up monitoring systems to measure outcomes."
P1145,National Secondary Education Reform 78,Secondary,Karnataka,2023,0.818,"Introduce technology-enabled platforms for learning continuity, improve assessment methods, and strengthen governance."
P1146,State Vocational Education Reform 76,Primary,Kerala,2019,0.805,"Train 4653 teachers, deploy mobile labs to schools, and set up monitoring systems to measure outcomes."
P1147,National Primary Education Reform 90,Early Childhood,West Bengal,2024,0.297,"Introduce technology-enabled platforms for learning continuity, improve assessment methods, and strengthen governance."
P1148,State Primary Education Reform 34,Secondary,Uttar Pradesh,2016,0.443,"Train 4089 teachers, deploy online modules to schools, and set up monitoring systems to measure outcomes."
P1149,National Vocational Education Reform 10,Primary,Delhi,2015,0.89,"Train 2818 teachers, deploy online modules to schools, and set up monitoring systems to measure outcomes."
P1150,National Higher Education Education Reform 27,Secondary,West Bengal,2023,0.144,"Introduce technology-enabled platforms for learning continuity, improve assessment methods, and strengthen governance."
P1151,National Primary Education Reform 4,Secondary,Tamil Nadu,2025,0.799,Increase digital access score by 16% within 3 years and reduce disparities between rural and urban areas.
P1152,State Vocational Education Reform 60,Higher Education,Uttar Pradesh,2019,0.176,"Introduce technology-enabled platforms for learning continuity, improve assessment methods, and strengthen governance."
P1153,National Vocational Education Reform 39,Primary,West Bengal,2015,0.254,Increase infrastructure score by 10% within 4 years and reduce disparities between rural and urban areas.
P1154,State Primary Education Reform 12,Vocational,Rajasthan,2021,0.8,"Introduce technology-enabled platforms for learning continuity, improve assessment methods, and strengthen governance."
P1155,District Higher Education Education Reform 53,Higher Education,West Bengal,2025,0.228,"Train 367 teachers, deploy online modules to schools, and set up monitoring systems to measure outcomes."
P1156,National Higher Education Education Reform 39,Higher Education,Delhi,2022,0.789,"Train 781 teachers, deploy learning kits to schools, and set up monitoring systems to measure outcomes."
P1157,National Early Childhood Education Reform 21,Primary,Delhi,2023,0.845,"Train 3002 teachers, deploy learning kits to schools, and set up monitoring systems to measure outcomes."
P1158,National Higher Education Education Reform 63,Early Childhood,Gujarat,2017,0.767,"Introduce technology-enabled platforms for learning continuity, improve assessment methods, and strengthen governance."
P1159,State Vocational Education Reform 66,Primary,Karnataka,2022,0.817,"Train 3521 teachers, deploy online modules to schools, and set up monitoring systems to measure outcomes."
P1160,District Vocational Education Reform 75,Primary,Karnataka,2023,0.529,Increase teacher quality score by 24% within 2 years and reduce disparities between rural and urban areas.
P1161,State Higher Education Education Reform 88,Secondary,Karnataka,2025,0.446,"Train 2861 teachers, deploy learning kits to schools, and set up monitoring systems to measure outcomes."
P1162,National Higher Education Education Reform 13,Vocational,Tamil Nadu,2019,0.416,Increase vocational skills score by 23% within 4 years and reduce disparities between rural and urban areas.
P1163,District Primary Education Reform 61,Secondary,Rajasthan,2016,0.222,"Introduce technology-enabled platforms for learning continuity, improve assessment methods, and strengthen governance."
P1164,District Primary Education Reform 1,Vocational,Delhi,2018,0.215,Increase digital access score by 29% within 1 years and reduce disparities between rural and urban areas.
P1165,State Early Childhood Education Reform 25,Primary,Karnataka,2025,0.378,"Introduce technology-enabled platforms for learning continuity, improve assessment methods, and strengthen governance."
P1166,District Higher Education Education Reform 56,Secondary,Kerala,2022,0.117,"Introduce technology-enabled platforms for learning continuity, improve assessment methods, and strengthen governance."
P1167,District Primary Education Reform 77,Primary,Maharashtra,2025,0.495,Increase learning outcomes score by 5% within 3 years and reduce disparities between rural and urban areas.
P1168,District Early Childhood Education Reform 90,Secondary,West Bengal,2016,0.543,"Train 2982 teachers, deploy online modules to schools, and set up monitoring systems to measure outcomes."
P1169,State Secondary Education Reform 1,Primary,Maharashtra,2016,0.167,Increase vocational skills score by 21% within 4 years and reduce disparities between rural and urban areas.
P1170,State Higher Education Education Reform 55,Primary,Maharashtra,2015,0.95,"Train 2857 teachers, deploy learning kits to schools, and set up monitoring systems to measure outcomes."
P1171,State Secondary Education Reform 15,Secondary,Karnataka,2017,0.261,Increase digital access score by 36% within 1 years and reduce disparities between rural and urban areas.
P1172,District Higher Education Education Reform 2,Early Childhood,Punjab,2024,0.529,Increase vocational skills score by 5% within 2 years and reduce disparities between rural and urban areas.
P1173,State Secondary Education Reform 43,Higher Education,Karnataka,2023,0.509,"Train 3712 teachers, deploy mobile labs to schools, and set up monitoring systems to measure outcomes."
P1174,District Early Childhood Education Reform 1,Primary,Punjab,2024,0.946,"Introduce technology-enabled platforms for learning continuity, improve assessment methods, and strengthen governance."
P1175,State Higher Education Education Reform 82,Higher Education,Rajasthan,2023,0.225,Increase vocational skills score by 17% within 2 years and reduce disparities between rural and urban areas.
P1176,District Higher Education Education Reform 14,Vocational,Karnataka,2025,0.951,"Introduce technology-enabled platforms for learning continuity, improve assessment methods, and strengthen governance."
P1177,National Vocational Education Reform 85,Early Childhood,Punjab,2020,0.344,"Introduce technology-enabled platforms for learning continuity, improve assessment methods, and strengthen governance."
P1178,National Secondary Education Reform 80,Higher Education,Kerala,2025,0.6,"Train 4423 teachers, deploy mobile labs to schools, and set up monitoring systems to measure outcomes."
P1179,District Primary Education Reform 26,Higher Education,Tamil Nadu,2019,0.282,"Introduce technology-enabled platforms for learning continuity, improve assessment methods, and strengthen governance."
P1180,State Vocational Education Reform 54,Higher Education,Rajasthan,2015,0.839,"Introduce technology-enabled platforms for learning continuity, improve assessment methods, and strengthen governance."
P1181,National Early Childhood Education Reform 16,Vocational,Karnataka,2021,0.105,"Introduce technology-enabled platforms for learning continuity, improve assessment methods, and strengthen governance."
P1182,National Higher Education Education Reform 68,Secondary,Tamil Nadu,2023,0.182,"Introduce technology-enabled platforms for learning continuity, improve assessment methods, and strengthen governance."
P1183,District Higher Education Education Reform 58,Secondary,Punjab,2024,0.443,Increase early childhood development score by 37% within 5 years and reduce disparities between rural and urban areas.
P1184,State Early Childhood Education Reform 11,Primary,Tamil Nadu,2023,0.87,Increase digital access score by 6% within 4 years and reduce disparities between rural and urban areas.
P1185,National Higher Education Education Reform 72,Primary,Punjab,2018,0.485,Increase learning outcomes score by 9% within 5 years and reduce disparities between rural and urban areas.
P1186,National Higher Education Education Reform 88,Higher Education,Punjab,2016,0.522,"Introduce technology-enabled platforms for learning continuity, improve assessment methods, and strengthen governance."
P1187,National Primary Education Reform 1,Early Childhood,Punjab,2021,0.288,"Introduce technology-enabled platforms for learning continuity, improve assessment methods, and strengthen governance."
P1188,District Vocational Education Reform 83,Early Childhood,Maharashtra,2019,0.534,"Train 869 teachers, deploy mobile labs to schools, and set up monitoring systems to measure outcomes."
P1189,District Higher Education Education Reform 89,Early Childhood,Tamil Nadu,2024,0.104,"Train 2316 teachers, deploy mobile labs to schools, and set up monitoring systems to measure outcomes."
P1190,State Early Childhood Education Reform 14,Secondary,Punjab,2016,0.334,"Introduce technology-enabled platforms for learning continuity, improve assessment methods, and strengthen governance."
P1191,District Vocational Education Reform 84,Secondary,Kerala,2021,0.181,"Introduce technology-enabled platforms for learning continuity, improve assessment methods, and strengthen governance."
P1192,State Primary Education Reform 29,Vocational,Uttar Pradesh,2016,0.561,"Train 430 teachers, deploy tablets to schools, and set up monitoring systems to measure outcomes."
P1193,District Secondary Education Reform 49,Vocational,Kerala,2024,0.56,Increase teacher quality score by 37% within 2 years and reduce disparities between rural and urban areas.
P1194,District Higher Education Education Reform 28,Secondary,Tamil Nadu,2017,0.741,Increase digital access score by 31% within 1 years and reduce disparities between rural and urban areas.
P1195,National Secondary Education Reform 81,Early Childhood,Karnataka,2024,0.56,Increase digital access score by 18% within 4 years and reduce disparities between rural and urban areas.
P1196,District Secondary Education Reform 75,Secondary,Punjab,2025,0.921,"Introduce technology-enabled platforms for learning continuity, improve assessment methods, and strengthen governance."
P1197,National Early Childhood Education Reform 13,Secondary,Gujarat,2024,0.903,"Train 4326 teachers, deploy online modules to schools, and set up monitoring systems to measure outcomes."
P1198,District Early Childhood Education Reform 13,Vocational,Tamil Nadu,2019,0.464,Increase infrastructure score by 38% within 1 years and reduce disparities between rural and urban areas.
P1199,State Primary Education Reform 20,Vocational,Punjab,2019,0.772,"Train 1514 teachers, deploy mobile labs to schools, and set up monitoring systems to measure outcomes."
P1200,District Vocational Education Reform 95,Secondary,Maharashtra,2018,0.8,"Introduce technology-enabled platforms for learning continuity, improve assessment methods, and strengthen governance."
P1201,National Higher Education Education Reform 29,Higher Education,Maharashtra,2024,0.355,Increase early childhood development score by 17% within 5 years and reduce disparities between rural and urban areas.
P1202,District Secondary Education Reform 79,Secondary,Karnataka,2020,0.794,"Introduce technology-enabled platforms for learning continuity, improve assessment methods, and strengthen governance."
P1203,District Higher Education Education Reform 45,Higher Education,Uttar Pradesh,2024,0.256,"Introduce technology-enabled platforms for learning continuity, improve assessment methods, and strengthen governance."
P1204,State Early Childhood Education Reform 62,Secondary,Kerala,2022,0.16,"Train 2636 teachers, deploy online modules to schools, and set up monitoring systems to measure outcomes."
P1205,National Vocational Education Reform 87,Higher Education,Maharashtra,2023,0.339,Increase vocational skills score by 20% within 3 years and reduce disparities between rural and urban areas.
P1206,State Secondary Education Reform 14,Primary,Maharashtra,2025,0.953,Increase digital access score by 36% within 2 years and reduce disparities between rural and urban areas.
P1207,National Early Childhood Education Reform 55,Vocational,Rajasthan,2015,0.507,Increase learning outcomes score by 5% within 2 years and reduce disparities between rural and urban areas.
P1208,District Higher Education Education Reform 24,Early Childhood,Delhi,2018,0.477,"Introduce technology-enabled platforms for learning continuity, improve assessment methods, and strengthen governance."
P1209,District Higher Education Education Reform 31,Early Childhood,West Bengal,2021,0.257,Increase digital access score by 21% within 5 years and reduce disparities between rural and urban areas.
P1210,National Higher Education Education Reform 61,Primary,Gujarat,2020,0.406,"Introduce technology-enabled platforms for learning continuity, improve assessment methods, and strengthen governance."
P1211,National Vocational Education Reform 79,Higher Education,Gujarat,2025,0.609,"Introduce technology-enabled platforms for learning continuity, improve assessment methods, and strengthen governance."
P1212,State Higher Education Education Reform 96,Early Childhood,Rajasthan,2022,0.748,"Train 1775 teachers, deploy learning kits to schools, and set up monitoring systems to measure outcomes."
P1213,National Vocational Education Reform 68,Primary,Maharashtra,2019,0.375,"Introduce technology-enabled platforms for learning continuity, improve assessment methods, and strengthen governance."
P1214,State Vocational Education Reform 70,Higher Education,Rajasthan,2022,0.487,"Train 2894 teachers, deploy online modules to schools, and set up monitoring systems to measure outcomes."
P1215,State Secondary Education Reform 39,Primary,Karnataka,2023,0.107,"Train 3576 teachers, deploy mobile labs to schools, and set up monitoring systems to measure outcomes."
P1216,State Secondary Education Reform 21,Vocational,West Bengal,2018,0.78,Increase early childhood development score by 31% within 2 years and reduce disparities between rural and urban areas.
P1217,District Vocational Education Reform 80,Vocational,Delhi,2024,0.963,Increase learning outcomes score by 33% within 1 years and reduce disparities between rural and urban areas.
P1218,National Higher Education Education Reform 54,Higher Education,Gujarat,2020,0.15,"Introduce technology-enabled platforms for learning continuity, improve assessment methods, and strengthen governance."
P1219,State Secondary Education Reform 95,Primary,Uttar Pradesh,2022,0.933,"Train 4552 teachers, deploy tablets to schools, and set up monitoring systems to measure outcomes."
P1220,National Secondary Education Reform 82,Vocational,Kerala,2015,0.108,"Train 4934 teachers, deploy learning kits to schools, and set up monitoring systems to measure outcomes."
P1221,State Primary Education Reform 8,Higher Education,Tamil Nadu,2023,0.974,"Train 224 teachers, deploy online modules to schools, and set up monitoring systems to measure outcomes."
P1222,State Early Childhood Education Reform 90,Vocational,Uttar Pradesh,2024,0.872,"Train 4401 teachers, deploy learning kits to schools, and set up monitoring systems to measure outcomes."
P1223,District Early Childhood Education Reform 49,Secondary,Karnataka,2024,0.686,"Train 4567 teachers, deploy learning kits to schools, and set up monitoring systems to measure outcomes."
P1224,District Primary Education Reform 6,Secondary,Tamil Nadu,2015,0.608,Increase digital access score by 19% within 5 years and reduce disparities between rural and urban areas.
P1225,State Primary Education Reform 47,Early Childhood,West Bengal,2020,0.843,"Introduce technology-enabled platforms for learning continuity, improve assessment methods, and strengthen governance."
P1226,District Secondary Education Reform 72,Early Childhood,West Bengal,2016,0.886,"Train 4184 teachers, deploy mobile labs to schools, and set up monitoring systems to measure outcomes."
P1227,State Vocational Education Reform 98,Vocational,Kerala,2024,0.42,Increase digital access score by 6% within 5 years and reduce disparities between rural and urban areas.
P1228,National Higher Education Education Reform 3,Higher Education,Rajasthan,2023,0.239,Increase teacher quality score by 24% within 1 years and reduce disparities between rural and urban areas.
P1229,State Secondary Education Reform 63,Early Childhood,Maharashtra,2024,0.44,"Introduce technology-enabled platforms for learning continuity, improve assessment methods, and strengthen governance."
P1230,State Early Childhood Education Reform 6,Higher Education,Rajasthan,2024,0.964,"Train 1869 teachers, deploy online modules to schools, and set up monitoring systems to measure outcomes."
P1231,District Primary Education Reform 71,Vocational,Delhi,2016,0.598,"Train 4647 teachers, deploy learning kits to schools, and set up monitoring systems to measure outcomes."
P1232,National Vocational Education Reform 55,Higher Education,Kerala,2018,0.979,"Introduce technology-enabled platforms for learning continuity, improve assessment methods, and strengthen governance."
P1233,District Primary Education Reform 32,Early Childhood,Tamil Nadu,2019,0.12,"Introduce technology-enabled platforms for learning continuity, improve assessment methods, and strengthen governance."
P1234,District Early Childhood Education Reform 6,Higher Education,Tamil Nadu,2015,0.159,"Introduce technology-enabled platforms for learning continuity, improve assessment methods, and strengthen governance."
P1235,State Early Childhood Education Reform 69,Primary,Tamil Nadu,2018,0.371,"Introduce technology-enabled platforms for learning continuity, improve assessment methods, and strengthen governance."
P1236,District Higher Education Education Reform 50,Primary,Rajasthan,2019,0.178,"Train 3468 teachers, deploy learning kits to schools, and set up monitoring systems to measure outcomes."
P1237,National Secondary Education Reform 84,Secondary,Punjab,2023,0.91,"Train 2650 teachers, deploy tablets to schools, and set up monitoring systems to measure outcomes."
P1238,State Vocational Education Reform 53,Higher Education,Gujarat,2025,0.217,Increase learning outcomes score by 19% within 2 years and reduce disparities between rural and urban areas.
P1239,District Early Childhood Education Reform 61,Higher Education,Tamil Nadu,2021,0.129,"Train 1711 teachers, deploy learning kits to schools, and set up monitoring systems to measure outcomes."
P1240,National Vocational Education Reform 52,Primary,Punjab,2021,0.628,"Introduce technology-enabled platforms for learning continuity, improve assessment methods, and strengthen governance."
P1241,District Primary Education Reform 72,Vocational,Rajasthan,2025,0.789,"Train 2461 teachers, deploy tablets to schools, and set up monitoring systems to measure outcomes."
P1242,National Secondary Education Reform 75,Early Childhood,Tamil Nadu,2021,0.625,"Introduce technology-enabled platforms for learning continuity, improve assessment methods, and strengthen governance."
P1243,National Early Childhood Education Reform 91,Vocational,Rajasthan,2024,0.912,"Introduce technology-enabled platforms for learning continuity, improve assessment methods, and strengthen governance."
P1244,District Secondary Education Reform 16,Secondary,Uttar Pradesh,2015,0.584,"Introduce technology-enabled platforms for learning continuity, improve assessment methods, and strengthen governance."
P1245,National Early Childhood Education Reform 36,Early Childhood,Rajasthan,2018,0.133,Increase learning outcomes score by 8% within 1 years and reduce disparities between rural and urban areas.
P1246,District Early Childhood Education Reform 74,Early Childhood,Tamil Nadu,2022,0.387,"Introduce technology-enabled platforms for learning continuity, improve assessment methods, and strengthen governance."
P1247,National Secondary Education Reform 79,Primary,Maharashtra,2024,0.931,"Introduce technology-enabled platforms for learning continuity, improve assessment methods, and strengthen governance."
P1248,National Early Childhood Education Reform 30,Higher Education,Uttar Pradesh,2015,0.756,"Introduce technology-enabled platforms for learning continuity, improve assessment methods, and strengthen governance."
P1249,State Primary Education Reform 40,Higher Education,Rajasthan,2023,0.452,"Introduce technology-enabled platforms for learning continuity, improve assessment methods, and strengthen governance."
P1250,National Vocational Education Reform 69,Higher Education,Gujarat,2021,0.594,"Train 2946 teachers, deploy tablets to schools, and set up monitoring systems to measure outcomes."
P1251,District Early Childhood Education Reform 50,Secondary,Punjab,2016,0.468,"Train 2529 teachers, deploy learning kits to schools, and set up monitoring systems to measure outcomes."
P1252,National Vocational Education Reform 65,Primary,Gujarat,2023,0.376,"Train 1730 teachers, deploy tablets to schools, and set up monitoring systems to measure outcomes."
P1253,National Higher Education Education Reform 60,Primary,Maharashtra,2023,0.669,Increase infrastructure score by 39% within 3 years and reduce disparities between rural and urban areas.
P1254,National Higher Education Education Reform 15,Primary,Punjab,2023,0.383,"Train 1453 teachers, deploy tablets to schools, and set up monitoring systems to measure outcomes."
P1255,National Vocational Education Reform 87,Primary,Maharashtra,2021,0.893,"Introduce technology-enabled platforms for learning continuity, improve assessment methods, and strengthen governance."
P1256,District Vocational Education Reform 13,Vocational,Delhi,2025,0.228,Increase early childhood development score by 25% within 4 years and reduce disparities between rural and urban areas.
P1257,State Vocational Education Reform 60,Secondary,Delhi,2020,0.39,Increase vocational skills score by 20% within 5 years and reduce disparities between rural and urban areas.
P1258,National Higher Education Education Reform 27,Early Childhood,West Bengal,2021,0.758,Increase vocational skills score by 25% within 5 years and reduce disparities between rural and urban areas.
P1259,National Early Childhood Education Reform 14,Early Childhood,West Bengal,2020,0.89,Increase vocational skills score by 29% within 5 years and reduce disparities between rural and urban areas.
P1260,District Higher Education Education Reform 56,Higher Education,Maharashtra,2024,0.429,"Introduce technology-enabled platforms for learning continuity, improve assessment methods, and strengthen governance."
P1261,District Vocational Education Reform 52,Vocational,West Bengal,2023,0.442,"Introduce technology-enabled platforms for learning continuity, improve assessment methods, and strengthen governance."
P1262,National Primary Education Reform 18,Vocational,Gujarat,2024,0.83,"Introduce technology-enabled platforms for learning continuity, improve assessment methods, and strengthen governance."
P1263,National Primary Education Reform 73,Vocational,Kerala,2016,0.975,"Introduce technology-enabled platforms for learning continuity, improve assessment methods, and strengthen governance."
P1264,State Early Childhood Education Reform 7,Higher Education,Rajasthan,2015,0.475,Increase teacher quality score by 21% within 1 years and reduce disparities between rural and urban areas.
P1265,District Higher Education Education Reform 95,Early Childhood,Karnataka,2019,0.324,"Train 166 teachers, deploy tablets to schools, and set up monitoring systems to measure outcomes."
P1266,State Secondary Education Reform 63,Secondary,Rajasthan,2015,0.845,Increase digital access score by 27% within 1 years and reduce disparities between rural and urban areas.
P1267,State Vocational Education Reform 39,Vocational,Rajasthan,2018,0.875,"Introduce technology-enabled platforms for learning continuity, improve assessment methods, and strengthen governance."
P1268,State Higher Education Education Reform 13,Higher Education,Punjab,2021,0.379,"Train 147 teachers, deploy online modules to schools, and set up monitoring systems to measure outcomes."
P1269,District Higher Education Education Reform 33,Secondary,Karnataka,2015,0.946,"Introduce technology-enabled platforms for learning continuity, improve assessment methods, and strengthen governance."
P1270,State Vocational Education Reform 85,Primary,Gujarat,2019,0.347,"Train 542 teachers, deploy mobile labs to schools, and set up monitoring systems to measure outcomes."
P1271,State Secondary Education Reform 83,Vocational,Maharashtra,2017,0.912,Increase vocational skills score by 21% within 4 years and reduce disparities between rural and urban areas.
P1272,District Vocational Education Reform 35,Secondary,Kerala,2021,0.851,"Introduce technology-enabled platforms for learning continuity, improve assessment methods, and strengthen governance."
P1273,National Primary Education Reform 47,Early Childhood,Kerala,2016,0.593,"Train 3245 teachers, deploy tablets to schools, and set up monitoring systems to measure outcomes."
P1274,National Secondary Education Reform 4,Early Childhood,Uttar Pradesh,2022,0.96,"Introduce technology-enabled platforms for learning continuity, improve assessment methods, and strengthen governance."
P1275,District Early Childhood Education Reform 20,Early Childhood,Uttar Pradesh,2016,0.907,"Introduce technology-enabled platforms for learning continuity, improve assessment methods, and strengthen governance."
P1276,National Primary Education Reform 15,Vocational,Punjab,2024,0.389,Increase vocational skills score by 7% within 5 years and reduce disparities between rural and urban areas.
P1277,National Vocational Education Reform 22,Higher Education,Rajasthan,2017,0.435,"Introduce technology-enabled platforms for learning continuity, improve assessment methods, and strengthen governance."
P1278,National Secondary Education Reform 82,Higher Education,Rajasthan,2022,0.631,Increase vocational skills score by 31% within 1 years and reduce disparities between rural and urban areas.
P1279,District Higher Education Education Reform 98,Early Childhood,Rajasthan,2018,0.809,"Train 1358 teachers, deploy tablets to schools, and set up monitoring systems to measure outcomes."
P1280,District Vocational Education Reform 6,Primary,Karnataka,2023,0.163,Increase infrastructure score by 25% within 2 years and reduce disparities between rural and urban areas.
P1281,District Vocational Education Reform 26,Vocational,Uttar Pradesh,2016,0.292,Increase early childhood development score by 34% within 2 years and reduce disparities between rural and urban areas.
P1282,National Early Childhood Education Reform 8,Higher Education,Tamil Nadu,2016,0.296,"Introduce technology-enabled platforms for learning continuity, improve assessment methods, and strengthen governance."
P1283,State Primary Education Reform 94,Vocational,Uttar Pradesh,2018,0.942,"Train 378 teachers, deploy online modules to schools, and set up monitoring systems to measure outcomes."
P1284,State Vocational Education Reform 31,Primary,Rajasthan,2015,0.313,"Introduce technology-enabled platforms for learning continuity, improve assessment methods, and strengthen governance."
P1285,State Vocational Education Reform 91,Primary,Maharashtra,2021,0.721,Increase early childhood development score by 8% within 5 years and reduce disparities between rural and urban areas.
P1286,State Early Childhood Education Reform 6,Higher Education,Kerala,2017,0.312,Increase learning outcomes score by 27% within 3 years and reduce disparities between rural and urban areas.
P1287,State Vocational Education Reform 63,Early Childhood,Rajasthan,2016,0.268,Increase digital access score by 9% within 1 years and reduce disparities between rural and urban areas.
P1288,National Secondary Education Reform 67,Primary,Delhi,2021,0.757,"Train 230 teachers, deploy learning kits to schools, and set up monitoring systems to measure outcomes."
P1289,District Early Childhood Education Reform 71,Vocational,Gujarat,2019,0.302,"Introduce technology-enabled platforms for learning continuity, improve assessment methods, and strengthen governance."
P1290,National Secondary Education Reform 21,Secondary,Maharashtra,2015,0.283,"Train 2866 teachers, deploy learning kits to schools, and set up monitoring systems to measure outcomes."
P1291,State Vocational Education Reform 99,Secondary,Gujarat,2020,0.522,Increase teacher quality score by 26% within 1 years and reduce disparities between rural and urban areas.
P1292,State Primary Education Reform 52,Early Childhood,Uttar Pradesh,2022,0.619,"Train 734 teachers, deploy online modules to schools, and set up monitoring systems to measure outcomes."
P1293,District Early Childhood Education Reform 8,Higher Education,West Bengal,2017,0.353,"Introduce technology-enabled platforms for learning continuity, improve assessment methods, and strengthen governance."
P1294,National Early Childhood Education Reform 77,Primary,Tamil Nadu,2018,0.773,Increase learning outcomes score by 40% within 4 years and reduce disparities between rural and urban areas.
P1295,District Vocational Education Reform 6,Higher Education,Punjab,2019,0.237,"Introduce technology-enabled platforms for learning continuity, improve assessment methods, and strengthen governance."
P1296,National Higher Education Education Reform 64,Primary,Punjab,2020,0.967,"Introduce technology-enabled platforms for learning continuity, improve assessment methods, and strengthen governance."
P1297,National Primary Education Reform 35,Higher Education,West Bengal,2025,0.557,"Introduce technology-enabled platforms for learning continuity, improve assessment methods, and strengthen governance."
P1298,District Early Childhood Education Reform 46,Secondary,Karnataka,2017,0.403,"Train 4173 teachers, deploy learning kits to schools, and set up monitoring systems to measure outcomes."
P1299,National Primary Education Reform 62,Higher Education,Delhi,2020,0.126,"Train 1906 teachers, deploy mobile labs to schools, and set up monitoring systems to measure outcomes."
P1300,National Vocational Education Reform 97,Vocational,Karnataka,2018,0.139,Increase teacher quality score by 17% within 2 years and reduce disparities between rural and urban areas.
P1301,District Higher Education Education Reform 46,Secondary,Rajasthan,2024,0.571,"Introduce technology-enabled platforms for learning continuity, improve assessment methods, and strengthen governance."
P1302,State Primary Education Reform 24,Higher Education,West Bengal,2021,0.21,"Train 3009 teachers, deploy mobile labs to schools, and set up monitoring systems to measure outcomes."
P1303,State Vocational Education Reform 77,Higher Education,Gujarat,2018,0.268,"Introduce technology-enabled platforms for learning continuity, improve assessment methods, and strengthen governance."
P1304,National Vocational Education Reform 52,Early Childhood,Maharashtra,2017,0.851,"Introduce technology-enabled platforms for learning continuity, improve assessment methods, and strengthen governance."
P1305,State Early Childhood Education Reform 36,Secondary,Gujarat,2016,0.126,"Train 269 teachers, deploy learning kits to schools, and set up monitoring systems to measure outcomes."
P1306,National Primary Education Reform 85,Early Childhood,Gujarat,2022,0.583,"Train 3575 teachers, deploy tablets to schools, and set up monitoring systems to measure outcomes."
P1307,National Secondary Education Reform 72,Higher Education,Tamil Nadu,2022,0.78,"Train 3948 teachers, deploy learning kits to schools, and set up monitoring systems to measure outcomes."
P1308,District Higher Education Education Reform 99,Higher Education,Kerala,2015,0.821,"Train 3167 teachers, deploy tablets to schools, and set up monitoring systems to measure outcomes."
P1309,National Secondary Education Reform 83,Higher Education,Punjab,2016,0.118,Increase teacher quality score by 22% within 1 years and reduce disparities between rural and urban areas.
P1310,District Vocational Education Reform 42,Early Childhood,Maharashtra,2022,0.248,Increase teacher quality score by 39% within 2 years and reduce disparities between rural and urban areas.
P1311,State Secondary Education Reform 80,Primary,Punjab,2016,0.523,"Train 4184 teachers, deploy mobile labs to schools, and set up monitoring systems to measure outcomes."
P1312,District Early Childhood Education Reform 59,Early Childhood,Tamil Nadu,2015,0.338,Increase vocational skills score by 38% within 2 years and reduce disparities between rural and urban areas.
P1313,District Higher Education Education Reform 56,Vocational,Kerala,2016,0.675,Increase teacher quality score by 12% within 2 years and reduce disparities between rural and urban areas.
P1314,State Early Childhood Education Reform 56,Vocational,Karnataka,2018,0.686,"Train 213 teachers, deploy tablets to schools, and set up monitoring systems to measure outcomes."
P1315,State Secondary Education Reform 31,Primary,Punjab,2023,0.634,Increase teacher quality score by 18% within 2 years and reduce disparities between rural and urban areas.
P1316,State Higher Education Education Reform 76,Primary,Gujarat,2023,0.708,"Introduce technology-enabled platforms for learning continuity, improve assessment methods, and strengthen governance."
P1317,State Early Childhood Education Reform 50,Higher Education,Kerala,2025,0.925,"Train 2486 teachers, deploy learning kits to schools, and set up monitoring systems to measure outcomes."
P1318,National Vocational Education Reform 61,Vocational,Kerala,2021,0.159,Increase digital access score by 8% within 2 years and reduce disparities between rural and urban areas.
P1319,National Higher Education Education Reform 41,Early Childhood,Maharashtra,2016,0.805,"Train 2185 teachers, deploy learning kits to schools, and set up monitoring systems to measure outcomes."
P1320,State Vocational Education Reform 74,Secondary,Karnataka,2015,0.333,"Introduce technology-enabled platforms for learning continuity, improve assessment methods, and strengthen governance."
P1321,District Early Childhood Education Reform 56,Vocational,Gujarat,2016,0.356,"Train 1742 teachers, deploy learning kits to schools, and set up monitoring systems to measure outcomes."
P1322,State Higher Education Education Reform 31,Early Childhood,Gujarat,2018,0.876,Increase vocational skills score by 21% within 1 years and reduce disparities between rural and urban areas.
P1323,National Vocational Education Reform 46,Early Childhood,Punjab,2015,0.697,Increase infrastructure score by 37% within 4 years and reduce disparities between rural and urban areas.
P1324,District Early Childhood Education Reform 56,Secondary,Delhi,2016,0.766,"Train 4285 teachers, deploy mobile labs to schools, and set up monitoring systems to measure outcomes."
P1325,District Vocational Education Reform 7,Secondary,Tamil Nadu,2015,0.728,Increase digital access score by 40% within 4 years and reduce disparities between rural and urban areas.
P1326,State Primary Education Reform 27,Higher Education,Tamil Nadu,2017,0.568,"Introduce technology-enabled platforms for learning continuity, improve assessment methods, and strengthen governance."
P1327,State Early Childhood Education Reform 14,Higher Education,Tamil Nadu,2015,0.629,Increase learning outcomes score by 18% within 1 years and reduce disparities between rural and urban areas.
P1328,District Vocational Education Reform 12,Vocational,Delhi,2017,0.245,"Introduce technology-enabled platforms for learning continuity, improve assessment methods, and strengthen governance."
P1329,District Primary Education Reform 48,Early Childhood,Uttar Pradesh,2022,0.477,"Introduce technology-enabled platforms for learning continuity, improve assessment methods, and strengthen governance."
P1330,State Early Childhood Education Reform 81,Early Childhood,Maharashtra,2019,0.367,Increase infrastructure score by 23% within 5 years and reduce disparities between rural and urban areas.
P1331,National Early Childhood Education Reform 55,Vocational,Maharashtra,2022,0.784,"Introduce technology-enabled platforms for learning continuity, improve assessment methods, and strengthen governance."
P1332,District Vocational Education Reform 97,Vocational,Punjab,2019,0.331,"Train 97 teachers, deploy online modules to schools, and set up monitoring systems to measure outcomes."
P1333,District Early Childhood Education Reform 93,Vocational,Delhi,2024,0.211,Increase learning outcomes score by 18% within 4 years and reduce disparities between rural and urban areas.
P1334,National Primary Education Reform 39,Vocational,Tamil Nadu,2022,0.758,"Train 3732 teachers, deploy learning kits to schools, and set up monitoring systems to measure outcomes."
P1335,District Vocational Education Reform 54,Vocational,Punjab,2024,0.557,"Train 1949 teachers, deploy tablets to schools, and set up monitoring systems to measure outcomes."
P1336,State Vocational Education Reform 61,Primary,Gujarat,2024,0.244,"Introduce technology-enabled platforms for learning continuity, improve assessment methods, and strengthen governance."
P1337,State Vocational Education Reform 54,Higher Education,Gujarat,2017,0.694,Increase infrastructure score by 31% within 4 years and reduce disparities between rural and urban areas.
P1338,National Higher Education Education Reform 34,Higher Education,Tamil Nadu,2017,0.65,"Introduce technology-enabled platforms for learning continuity, improve assessment methods, and strengthen governance."
P1339,District Primary Education Reform 91,Primary,Gujarat,2022,0.796,"Train 1418 teachers, deploy tablets to schools, and set up monitoring systems to measure outcomes."
P1340,State Primary Education Reform 20,Higher Education,Kerala,2017,0.318,"Introduce technology-enabled platforms for learning continuity, improve assessment methods, and strengthen governance."
P1341,District Vocational Education Reform 30,Secondary,West Bengal,2021,0.23,Increase learning outcomes score by 25% within 4 years and reduce disparities between rural and urban areas.
P1342,District Secondary Education Reform 74,Primary,Rajasthan,2019,0.909,"Train 3359 teachers, deploy online modules to schools, and set up monitoring systems to measure outcomes."
P1343,State Primary Education Reform 5,Early Childhood,Kerala,2021,0.591,"Train 241 teachers, deploy tablets to schools, and set up monitoring systems to measure outcomes."
P1344,National Primary Education Reform 48,Higher Education,Rajasthan,2020,0.756,"Train 2919 teachers, deploy mobile labs to schools, and set up monitoring systems to measure outcomes."
P1345,National Higher Education Education Reform 67,Early Childhood,Uttar Pradesh,2020,0.173,"Introduce technology-enabled platforms for learning continuity, improve assessment methods, and strengthen governance."
P1346,State Early Childhood Education Reform 64,Vocational,Gujarat,2022,0.531,"Train 1791 teachers, deploy online modules to schools, and set up monitoring systems to measure outcomes."
P1347,State Primary Education Reform 16,Higher Education,Punjab,2019,0.37,Increase digital access score by 8% within 3 years and reduce disparities between rural and urban areas.
P1348,National Early Childhood Education Reform 45,Primary,Karnataka,2021,0.523,"Train 4185 teachers, deploy online modules to schools, and set up monitoring systems to measure outcomes."
P1349,District Early Childhood Education Reform 53,Vocational,Uttar Pradesh,2021,0.871,"Introduce technology-enabled platforms for learning continuity, improve assessment methods, and strengthen governance."
P1350,District Early Childhood Education Reform 25,Vocational,Rajasthan,2015,0.318,Increase vocational skills score by 30% within 5 years and reduce disparities between rural and urban areas.
P1351,National Vocational Education Reform 4,Early Childhood,Kerala,2021,0.25,"Train 1313 teachers, deploy mobile labs to schools, and set up monitoring systems to measure outcomes."
P1352,District Primary Education Reform 39,Vocational,Maharashtra,2020,0.146,"Train 4088 teachers, deploy online modules to schools, and set up monitoring systems to measure outcomes."
P1353,National Vocational Education Reform 4,Vocational,Uttar Pradesh,2015,0.371,"Train 1216 teachers, deploy mobile labs to schools, and set up monitoring systems to measure outcomes."
P1354,National Primary Education Reform 60,Early Childhood,Delhi,2025,0.343,Increase teacher quality score by 7% within 2 years and reduce disparities between rural and urban areas.
P1355,National Early Childhood Education Reform 36,Vocational,Uttar Pradesh,2024,0.343,"Train 3816 teachers, deploy mobile labs to schools, and set up monitoring systems to measure outcomes."
P1356,District Secondary Education Reform 53,Early Childhood,Gujarat,2021,0.698,Increase teacher quality score by 5% within 1 years and reduce disparities between rural and urban areas.
P1357,National Primary Education Reform 98,Higher Education,Kerala,2018,0.961,"Introduce technology-enabled platforms for learning continuity, improve assessment methods, and strengthen governance."
P1358,District Secondary Education Reform 85,Early Childhood,Punjab,2024,0.331,"Introduce technology-enabled platforms for learning continuity, improve assessment methods, and strengthen governance."
P1359,State Primary Education Reform 42,Vocational,West Bengal,2019,0.887,"Train 4411 teachers, deploy online modules to schools, and set up monitoring systems to measure outcomes."
P1360,National Secondary Education Reform 89,Vocational,Maharashtra,2018,0.125,Increase digital access score by 11% within 4 years and reduce disparities between rural and urban areas.
P1361,National Primary Education Reform 77,Early Childhood,Gujarat,2016,0.916,"Introduce technology-enabled platforms for learning continuity, improve assessment methods, and strengthen governance."
P1362,National Primary Education Reform 72,Primary,Delhi,2021,0.801,"Introduce technology-enabled platforms for learning continuity, improve assessment methods, and strengthen governance."
P1363,National Primary Education Reform 14,Primary,Punjab,2016,0.416,"Train 1573 teachers, deploy learning kits to schools, and set up monitoring systems to measure outcomes."
P1364,District Higher Education Education Reform 40,Early Childhood,Rajasthan,2017,0.428,"Train 519 teachers, deploy learning kits to schools, and set up monitoring systems to measure outcomes."
P1365,District Secondary Education Reform 9,Higher Education,Uttar Pradesh,2025,0.957,Increase early childhood development score by 34% within 1 years and reduce disparities between rural and urban areas.
P1366,State Early Childhood Education Reform 28,Secondary,Gujarat,2020,0.423,Increase learning outcomes score by 33% within 2 years and reduce disparities between rural and urban areas.
P1367,State Secondary Education Reform 29,Higher Education,Tamil Nadu,2020,0.85,Increase learning outcomes score by 26% within 2 years and reduce disparities between rural and urban areas.
P1368,District Secondary Education Reform 68,Early Childhood,West Bengal,2016,0.574,"Train 2053 teachers, deploy tablets to schools, and set up monitoring systems to measure outcomes."
P1369,District Higher Education Education Reform 17,Early Childhood,Punjab,2022,0.158,"Introduce technology-enabled platforms for learning continuity, improve assessment methods, and strengthen governance."
P1370,State Higher Education Education Reform 75,Vocational,Punjab,2025,0.868,Increase digital access score by 28% within 3 years and reduce disparities between rural and urban areas.
P1371,District Higher Education Education Reform 30,Early Childhood,Karnataka,2022,0.464,Increase digital access score by 33% within 2 years and reduce disparities between rural and urban areas.
P1372,State Early Childhood Education Reform 66,Early Childhood,Maharashtra,2019,0.586,"Introduce technology-enabled platforms for learning continuity, improve assessment methods, and strengthen governance."
P1373,National Higher Education Education Reform 37,Higher Education,West Bengal,2021,0.87,"Train 3936 teachers, deploy learning kits to schools, and set up monitoring systems to measure outcomes."
P1374,State Secondary Education Reform 55,Vocational,Uttar Pradesh,2022,0.372,"Introduce technology-enabled platforms for learning continuity, improve assessment methods, and strengthen governance."
P1375,District Primary Education Reform 73,Primary,Tamil Nadu,2017,0.157,"Introduce technology-enabled platforms for learning continuity, improve assessment methods, and strengthen governance."
P1376,National Early Childhood Education Reform 63,Primary,Tamil Nadu,2018,0.687,Increase learning outcomes score by 15% within 3 years and reduce disparities between rural and urban areas.
P1377,District Vocational Education Reform 62,Primary,West Bengal,2018,0.241,"Train 4166 teachers, deploy online modules to schools, and set up monitoring systems to measure outcomes."
P1378,District Secondary Education Reform 68,Higher Education,Punjab,2022,0.675,"Introduce technology-enabled platforms for learning continuity, improve assessment methods, and strengthen governance."
P1379,State Secondary Education Reform 90,Early Childhood,Maharashtra,2021,0.344,Increase vocational skills score by 31% within 5 years and reduce disparities between rural and urban areas.
P1380,State Vocational Education Reform 58,Secondary,Delhi,2018,0.439,"Introduce technology-enabled platforms for learning continuity, improve assessment methods, and strengthen governance."
P1381,State Primary Education Reform 11,Early Childhood,Uttar Pradesh,2022,0.846,"Train 1067 teachers, deploy online modules to schools, and set up monitoring systems to measure outcomes."
P1382,State Secondary Education Reform 28,Primary,Rajasthan,2018,0.495,Increase early childhood development score by 28% within 2 years and reduce disparities between rural and urban areas.
P1383,National Higher Education Education Reform 25,Primary,Uttar Pradesh,2016,0.196,Increase teacher quality score by 32% within 1 years and reduce disparities between rural and urban areas.
P1384,National Primary Education Reform 52,Higher Education,Karnataka,2021,0.678,Increase teacher quality score by 36% within 1 years and reduce disparities between rural and urban areas.
P1385,District Vocational Education Reform 87,Secondary,Kerala,2017,0.642,Increase early childhood development score by 19% within 1 years and reduce disparities between rural and urban areas.
P1386,District Primary Education Reform 8,Secondary,Kerala,2022,0.312,"Train 1149 teachers, deploy mobile labs to schools, and set up monitoring systems to measure outcomes."
P1387,District Higher Education Education Reform 44,Secondary,Uttar Pradesh,2023,0.564,Increase infrastructure score by 9% within 2 years and reduce disparities between rural and urban areas.
P1388,National Secondary Education Reform 76,Early Childhood,Uttar Pradesh,2018,0.246,Increase infrastructure score by 23% within 5 years and reduce disparities between rural and urban areas.
P1389,National Higher Education Education Reform 51,Vocational,Tamil Nadu,2022,0.118,"Train 4925 teachers, deploy learning kits to schools, and set up monitoring systems to measure outcomes."
P1390,State Vocational Education Reform 72,Early Childhood,Gujarat,2016,0.104,"Train 4075 teachers, deploy online modules to schools, and set up monitoring systems to measure outcomes."
P1391,National Vocational Education Reform 5,Primary,West Bengal,2024,0.554,Increase digital access score by 32% within 2 years and reduce disparities between rural and urban areas.
P1392,District Secondary Education Reform 34,Early Childhood,Gujarat,2025,0.111,"Train 3307 teachers, deploy tablets to schools, and set up monitoring systems to measure outcomes."
P1393,District Early Childhood Education Reform 85,Vocational,Punjab,2019,0.791,Increase teacher quality score by 5% within 2 years and reduce disparities between rural and urban areas.
P1394,District Vocational Education Reform 84,Higher Education,West Bengal,2017,0.533,"Train 1570 teachers, deploy learning kits to schools, and set up monitoring systems to measure outcomes."
P1395,National Secondary Education Reform 11,Higher Education,Maharashtra,2021,0.309,Increase digital access score by 5% within 5 years and reduce disparities between rural and urban areas.
P1396,State Early Childhood Education Reform 67,Higher Education,Gujarat,2022,0.99,"Train 3150 teachers, deploy tablets to schools, and set up monitoring systems to measure outcomes."
P1397,National Early Childhood Education Reform 16,Early Childhood,Delhi,2018,0.103,"Introduce technology-enabled platforms for learning continuity, improve assessment methods, and strengthen governance."
P1398,State Vocational Education Reform 61,Primary,West Bengal,2019,0.799,"Train 4129 teachers, deploy tablets to schools, and set up monitoring systems to measure outcomes."
P1399,District Early Childhood Education Reform 31,Secondary,Uttar Pradesh,2017,0.243,"Introduce technology-enabled platforms for learning continuity, improve assessment methods, and strengthen governance."
P1400,District Early Childhood Education Reform 9,Higher Education,West Bengal,2021,0.359,"Introduce technology-enabled platforms for learning continuity, improve assessment methods, and strengthen governance."
P1401,National Early Childhood Education Reform 69,Secondary,West Bengal,2021,0.626,"Train 2638 teachers, deploy learning kits to schools, and set up monitoring systems to measure outcomes."
P1402,State Secondary Education Reform 96,Primary,Punjab,2020,0.526,"Introduce technology-enabled platforms for learning continuity, improve assessment methods, and strengthen governance."
P1403,State Vocational Education Reform 39,Secondary,Karnataka,2023,0.774,"Train 2363 teachers, deploy learning kits to schools, and set up monitoring systems to measure outcomes."
P1404,District Higher Education Education Reform 59,Secondary,Punjab,2017,0.294,Increase vocational skills score by 14% within 4 years and reduce disparities between rural and urban areas.
P1405,State Vocational Education Reform 23,Primary,Maharashtra,2023,0.318,"Train 2529 teachers, deploy learning kits to schools, and set up monitoring systems to measure outcomes."
P1406,State Primary Education Reform 16,Primary,Maharashtra,2016,0.527,"Train 3195 teachers, deploy online modules to schools, and set up monitoring systems to measure outcomes."
P1407,National Vocational Education Reform 90,Primary,West Bengal,2023,0.58,Increase vocational skills score by 5% within 5 years and reduce disparities between rural and urban areas.
P1408,District Secondary Education Reform 84,Secondary,Maharashtra,2023,0.366,"Introduce technology-enabled platforms for learning continuity, improve assessment methods, and strengthen governance."
P1409,District Vocational Education Reform 89,Higher Education,Rajasthan,2020,0.311,"Introduce technology-enabled platforms for learning continuity, improve assessment methods, and strengthen governance."
P1410,District Higher Education Education Reform 34,Vocational,Tamil Nadu,2021,0.577,Increase learning outcomes score by 37% within 5 years and reduce disparities between rural and urban areas.
P1411,State Primary Education Reform 78,Secondary,Maharashtra,2019,0.423,Increase teacher quality score by 11% within 4 years and reduce disparities between rural and urban areas.
P1412,District Higher Education Education Reform 76,Vocational,Maharashtra,2023,0.252,Increase digital access score by 21% within 1 years and reduce disparities between rural and urban areas.
P1413,District Higher Education Education Reform 7,Higher Education,Uttar Pradesh,2025,0.811,"Train 4314 teachers, deploy learning kits to schools, and set up monitoring systems to measure outcomes."
P1414,National Secondary Education Reform 12,Secondary,Punjab,2015,0.956,Increase digital access score by 37% within 5 years and reduce disparities between rural and urban areas.
P1415,District Primary Education Reform 92,Vocational,Rajasthan,2020,0.904,Increase infrastructure score by 8% within 4 years and reduce disparities between rural and urban areas.
P1416,State Secondary Education Reform 70,Primary,Delhi,2019,0.45,"Train 3843 teachers, deploy online modules to schools, and set up monitoring systems to measure outcomes."
P1417,State Primary Education Reform 1,Higher Education,Tamil Nadu,2021,0.175,"Train 4042 teachers, deploy tablets to schools, and set up monitoring systems to measure outcomes."
P1418,State Vocational Education Reform 24,Early Childhood,Delhi,2016,0.105,"Train 2383 teachers, deploy tablets to schools, and set up monitoring systems to measure outcomes."
P1419,District Secondary Education Reform 62,Higher Education,Maharashtra,2021,0.547,Increase vocational skills score by 13% within 2 years and reduce disparities between rural and urban areas.
P1420,District Higher Education Education Reform 55,Early Childhood,Karnataka,2021,0.32,"Train 2093 teachers, deploy mobile labs to schools, and set up monitoring systems to measure outcomes."
P1421,District Primary Education Reform 90,Early Childhood,Punjab,2017,0.134,"Train 1685 teachers, deploy tablets to schools, and set up monitoring systems to measure outcomes."
P1422,State Vocational Education Reform 62,Primary,Rajasthan,2021,0.35,"Introduce technology-enabled platforms for learning continuity, improve assessment methods, and strengthen governance."
P1423,State Vocational Education Reform 36,Early Childhood,Maharashtra,2021,0.199,"Introduce technology-enabled platforms for learning continuity, improve assessment methods, and strengthen governance."
P1424,District Vocational Education Reform 12,Primary,Tamil Nadu,2025,0.272,Increase digital access score by 17% within 5 years and reduce disparities between rural and urban areas.
P1425,District Higher Education Education Reform 98,Early Childhood,Kerala,2020,0.566,Increase early childhood development score by 7% within 5 years and reduce disparities between rural and urban areas.
P1426,District Early Childhood Education Reform 66,Primary,Tamil Nadu,2022,0.284,Increase learning outcomes score by 37% within 4 years and reduce disparities between rural and urban areas.
P1427,District Primary Education Reform 22,Secondary,Karnataka,2023,0.925,Increase teacher quality score by 5% within 3 years and reduce disparities between rural and urban areas.
P1428,District Secondary Education Reform 53,Early Childhood,Delhi,2020,0.257,"Train 3179 teachers, deploy mobile labs to schools, and set up monitoring systems to measure outcomes."
P1429,District Vocational Education Reform 20,Vocational,Uttar Pradesh,2021,0.509,"Train 1527 teachers, deploy mobile labs to schools, and set up monitoring systems to measure outcomes."
P1430,National Secondary Education Reform 10,Vocational,Uttar Pradesh,2022,0.747,Increase learning outcomes score by 12% within 1 years and reduce disparities between rural and urban areas.
P1431,National Early Childhood Education Reform 2,Primary,Maharashtra,2023,0.776,"Introduce technology-enabled platforms for learning continuity, improve assessment methods, and strengthen governance."
P1432,National Primary Education Reform 70,Higher Education,Maharashtra,2023,0.121,Increase digital access score by 29% within 1 years and reduce disparities between rural and urban areas.
P1433,State Higher Education Education Reform 10,Early Childhood,Kerala,2016,0.481,"Train 1280 teachers, deploy mobile labs to schools, and set up monitoring systems to measure outcomes."
P1434,District Primary Education Reform 1,Secondary,Tamil Nadu,2020,0.825,"Train 1235 teachers, deploy tablets to schools, and set up monitoring systems to measure outcomes."
P1435,State Vocational Education Reform 89,Vocational,Punjab,2025,0.542,Increase early childhood development score by 31% within 5 years and reduce disparities between rural and urban areas.
P1436,National Secondary Education Reform 3,Higher Education,Rajasthan,2022,0.855,"Introduce technology-enabled platforms for learning continuity, improve assessment methods, and strengthen governance."
P1437,District Secondary Education Reform 49,Primary,West Bengal,2020,0.875,Increase learning outcomes score by 9% within 1 years and reduce disparities between rural and urban areas.
P1438,District Early Childhood Education Reform 90,Higher Education,Gujarat,2021,0.355,"Train 4999 teachers, deploy learning kits to schools, and set up monitoring systems to measure outcomes."
P1439,District Higher Education Education Reform 74,Early Childhood,Delhi,2018,0.436,"Train 508 teachers, deploy learning kits to schools, and set up monitoring systems to measure outcomes."
P1440,District Vocational Education Reform 49,Secondary,Karnataka,2020,0.169,"Introduce technology-enabled platforms for learning continuity, improve assessment methods, and strengthen governance."
P1441,National Early Childhood Education Reform 26,Primary,Uttar Pradesh,2019,0.183,"Introduce technology-enabled platforms for learning continuity, improve assessment methods, and strengthen governance."
P1442,State Early Childhood Education Reform 13,Early Childhood,Tamil Nadu,2015,0.358,"Introduce technology-enabled platforms for learning continuity, improve assessment methods, and strengthen governance."
P1443,State Vocational Education Reform 17,Higher Education,Delhi,2020,0.313,"Introduce technology-enabled platforms for learning continuity, improve assessment methods, and strengthen governance."
P1444,National Vocational Education Reform 41,Secondary,Delhi,2017,0.259,"Train 3671 teachers, deploy learning kits to schools, and set up monitoring systems to measure outcomes."
P1445,State Early Childhood Education Reform 88,Secondary,Gujarat,2020,0.55,Increase teacher quality score by 14% within 1 years and reduce disparities between rural and urban areas.
P1446,National Secondary Education Reform 50,Vocational,Maharashtra,2020,0.751,"Introduce technology-enabled platforms for learning continuity, improve assessment methods, and strengthen governance."
P1447,State Vocational Education Reform 5,Early Childhood,Tamil Nadu,2022,0.789,"Train 1798 teachers, deploy tablets to schools, and set up monitoring systems to measure outcomes."
P1448,National Primary Education Reform 36,Vocational,Maharashtra,2019,0.264,"Train 2482 teachers, deploy learning kits to schools, and set up monitoring systems to measure outcomes."
P1449,District Vocational Education Reform 46,Early Childhood,West Bengal,2015,0.649,Increase teacher quality score by 34% within 2 years and reduce disparities between rural and urban areas.
P1450,District Primary Education Reform 58,Secondary,Gujarat,2025,0.474,"Train 1820 teachers, deploy mobile labs to schools, and set up monitoring systems to measure outcomes."
P1451,State Early Childhood Education Reform 16,Vocational,Gujarat,2021,0.566,"Train 3559 teachers, deploy mobile labs to schools, and set up monitoring systems to measure outcomes."
P1452,District Vocational Education Reform 82,Higher Education,Punjab,2016,0.93,"Train 3688 teachers, deploy tablets to schools, and set up monitoring systems to measure outcomes."
P1453,National Secondary Education Reform 61,Primary,Kerala,2022,0.552,Increase teacher quality score by 5% within 4 years and reduce disparities between rural and urban areas.
P1454,District Early Childhood Education Reform 41,Higher Education,Tamil Nadu,2024,0.837,Increase early childhood development score by 25% within 5 years and reduce disparities between rural and urban areas.
P1455,District Primary Education Reform 81,Early Childhood,West Bengal,2025,0.123,"Introduce technology-enabled platforms for learning continuity, improve assessment methods, and strengthen governance."
P1456,National Secondary Education Reform 39,Secondary,Rajasthan,2018,0.174,"Train 958 teachers, deploy online modules to schools, and set up monitoring systems to measure outcomes."
P1457,National Vocational Education Reform 47,Secondary,West Bengal,2016,0.287,"Introduce technology-enabled platforms for learning continuity, improve assessment methods, and strengthen governance."
P1458,National Higher Education Education Reform 45,Vocational,Punjab,2024,0.925,Increase infrastructure score by 18% within 3 years and reduce disparities between rural and urban areas.
P1459,National Primary Education Reform 94,Secondary,Delhi,2019,0.68,"Introduce technology-enabled platforms for learning continuity, improve assessment methods, and strengthen governance."
P1460,National Early Childhood Education Reform 99,Early Childhood,Delhi,2017,0.477,"Introduce technology-enabled platforms for learning continuity, improve assessment methods, and strengthen governance."
P1461,National Primary Education Reform 66,Higher Education,Punjab,2021,0.82,Increase digital access score by 28% within 3 years and reduce disparities between rural and urban areas.
P1462,District Primary Education Reform 92,Higher Education,Uttar Pradesh,2022,0.352,"Train 4645 teachers, deploy mobile labs to schools, and set up monitoring systems to measure outcomes."
P1463,National Secondary Education Reform 7,Vocational,Gujarat,2015,0.635,"Train 2385 teachers, deploy tablets to schools, and set up monitoring systems to measure outcomes."
P1464,District Primary Education Reform 44,Primary,Maharashtra,2022,0.456,"Introduce technology-enabled platforms for learning continuity, improve assessment methods, and strengthen governance."
P1465,National Primary Education Reform 2,Secondary,Maharashtra,2020,0.744,"Train 2177 teachers, deploy tablets to schools, and set up monitoring systems to measure outcomes."
P1466,State Higher Education Education Reform 90,Secondary,Tamil Nadu,2024,0.77,"Introduce technology-enabled platforms for learning continuity, improve assessment methods, and strengthen governance."
P1467,National Higher Education Education Reform 99,Higher Education,Maharashtra,2020,0.965,Increase learning outcomes score by 17% within 4 years and reduce disparities between rural and urban areas.
P1468,District Higher Education Education Reform 98,Higher Education,Gujarat,2025,0.443,"Introduce technology-enabled platforms for learning continuity, improve assessment methods, and strengthen governance."
P1469,District Primary Education Reform 19,Vocational,Maharashtra,2016,0.524,"Train 1019 teachers, deploy tablets to schools, and set up monitoring systems to measure outcomes."
P1470,District Higher Education Education Reform 7,Vocational,Delhi,2020,0.273,Increase infrastructure score by 38% within 4 years and reduce disparities between rural and urban areas.
P1471,National Primary Education Reform 7,Primary,Punjab,2019,0.723,"Train 1851 teachers, deploy mobile labs to schools, and set up monitoring systems to measure outcomes."
P1472,State Primary Education Reform 13,Secondary,Rajasthan,2024,0.248,Increase teacher quality score by 26% within 1 years and reduce disparities between rural and urban areas.
P1473,District Higher Education Education Reform 61,Early Childhood,Karnataka,2022,0.605,"Train 1250 teachers, deploy tablets to schools, and set up monitoring systems to measure outcomes."
P1474,State Vocational Education Reform 33,Higher Education,Gujarat,2015,0.789,Increase early childhood development score by 14% within 4 years and reduce disparities between rural and urban areas.
P1475,National Secondary Education Reform 74,Vocational,Kerala,2018,0.668,"Introduce technology-enabled platforms for learning continuity, improve assessment methods, and strengthen governance."
P1476,State Secondary Education Reform 6,Early Childhood,Rajasthan,2020,0.962,"Introduce technology-enabled platforms for learning continuity, improve assessment methods, and strengthen governance."
P1477,State Higher Education Education Reform 9,Higher Education,Karnataka,2022,0.147,"Introduce technology-enabled platforms for learning continuity, improve assessment methods, and strengthen governance."
P1478,National Higher Education Education Reform 19,Secondary,West Bengal,2024,0.321,"Introduce technology-enabled platforms for learning continuity, improve assessment methods, and strengthen governance."
P1479,District Secondary Education Reform 88,Secondary,Delhi,2017,0.604,"Train 3129 teachers, deploy online modules to schools, and set up monitoring systems to measure outcomes."
P1480,State Higher Education Education Reform 55,Vocational,West Bengal,2021,0.179,"Train 4804 teachers, deploy mobile labs to schools, and set up monitoring systems to measure outcomes."
P1481,District Primary Education Reform 60,Early Childhood,Gujarat,2015,0.397,Increase learning outcomes score by 12% within 5 years and reduce disparities between rural and urban areas.
P1482,District Vocational Education Reform 18,Secondary,Tamil Nadu,2019,0.712,Increase learning outcomes score by 38% within 1 years and reduce disparities between rural and urban areas.
P1483,District Vocational Education Reform 51,Primary,Maharashtra,2019,0.332,"Introduce technology-enabled platforms for learning continuity, improve assessment methods, and strengthen governance."
P1484,District Early Childhood Education Reform 26,Vocational,Gujarat,2019,0.448,"Introduce technology-enabled platforms for learning continuity, improve assessment methods, and strengthen governance."
P1485,District Higher Education Education Reform 5,Early Childhood,Gujarat,2015,0.346,Increase infrastructure score by 37% within 1 years and reduce disparities between rural and urban areas.
P1486,State Vocational Education Reform 92,Secondary,Delhi,2025,0.435,"Introduce technology-enabled platforms for learning continuity, improve assessment methods, and strengthen governance."
P1487,National Primary Education Reform 94,Secondary,Uttar Pradesh,2016,0.388,"Train 1475 teachers, deploy online modules to schools, and set up monitoring systems to measure outcomes."
P1488,District Primary Education Reform 57,Higher Education,Punjab,2025,0.436,Increase vocational skills score by 36% within 4 years and reduce disparities between rural and urban areas.
P1489,District Secondary Education Reform 12,Early Childhood,Karnataka,2025,0.895,"Introduce technology-enabled platforms for learning continuity, improve assessment methods, and strengthen governance."
P1490,State Higher Education Education Reform 80,Early Childhood,Tamil Nadu,2016,0.17,Increase early childhood development score by 8% within 5 years and reduce disparities between rural and urban areas.
P1491,State Higher Education Education Reform 9,Secondary,Delhi,2016,0.586,"Train 295 teachers, deploy tablets to schools, and set up monitoring systems to measure outcomes."
P1492,National Early Childhood Education Reform 94,Higher Education,Karnataka,2018,0.945,Increase early childhood development score by 13% within 3 years and reduce disparities between rural and urban areas.
P1493,National Higher Education Education Reform 56,Vocational,Delhi,2018,0.575,Increase digital access score by 8% within 4 years and reduce disparities between rural and urban areas.
P1494,District Secondary Education Reform 15,Vocational,Maharashtra,2024,0.312,Increase learning outcomes score by 5% within 2 years and reduce disparities between rural and urban areas.
P1495,National Higher Education Education Reform 6,Higher Education,Kerala,2024,0.526,"Introduce technology-enabled platforms for learning continuity, improve assessment methods, and strengthen governance."
P1496,District Higher Education Education Reform 84,Secondary,Rajasthan,2019,0.728,"Introduce technology-enabled platforms for learning continuity, improve assessment methods, and strengthen governance."
P1497,State Secondary Education Reform 5,Secondary,Gujarat,2025,0.341,"Train 539 teachers, deploy mobile labs to schools, and set up monitoring systems to measure outcomes."
P1498,National Secondary Education Reform 49,Secondary,West Bengal,2023,0.934,"Introduce technology-enabled platforms for learning continuity, improve assessment methods, and strengthen governance."
P1499,District Vocational Education Reform 55,Early Childhood,Punjab,2023,0.217,"Train 750 teachers, deploy learning kits to schools, and set up monitoring systems to measure outcomes."
P1500,State Higher Education Education Reform 35,Higher Education,Punjab,2015,0.495,Increase learning outcomes score by 35% within 5 years and reduce disparities between rural and urban areas.
